config_key,r_pem,r_bat_e,r_h2,r_co2,annual_methanol_kg,lcom_yuan_per_kg,grid_dependency_ratio,avg_co2_inventory_target_ratio,avg_h2_inventory_target_ratio,avg_h2_inventory_target_ratio_effective,avg_methanol_pull_ratio,avg_battery_reserve_preference,avg_dac_load_ratio,avg_pem_load_ratio,avg_meoh_load_ratio,battery_cycle_count_approx,h2_inventory_violation_count,co2_inventory_violation_count,soc_violation_count,delta_methanol_vs_baseline,delta_lcom_vs_baseline,delta_h2_target_vs_baseline,delta_pull_vs_baseline,delta_battery_pref_vs_baseline,delta_h2_viol_vs_baseline
guarded_baseline,0.4,2.0,45.8,92.6,120497.78256225586,9.171760300011693,0.007709387433737683,0.368668272897397,0.1974739331871135,0.3172554565224473,0.48839915089615404,0.5783370863717713,0.11885490867579908,0.1305319635291078,0.2675103843226789,62.476263680288824,0,0,0,0.0,0.0,0.0,0.0,0.0,0
r_pem_06,0.6,2.0,45.8,92.6,136066.8136291504,9.241192319831182,0.038508834067631,0.44059423281381666,0.09633750141211296,0.27276939676028406,0.3588728229034709,0.3978217576546212,0.12849952435312023,0.09077625573316485,0.2882872607261974,78.02932275858521,0,0,0,15569.031066894531,0.0694320198194891,-0.10113643177500055,-0.12952632799268315,-0.1805153287171501,0
r_bat_e_30,0.4,3.0,45.8,92.6,146849.466796875,8.41832230698961,0.021646025271311084,0.4648871224560694,0.18552692662499268,0.3063755111437138,0.27985009848391085,0.3834304458209097,0.12386634322678843,0.13597831052405648,0.2777636799604096,43.705833398228386,0,0,0,26351.68423461914,-0.7534379930220823,-0.011947006562120832,-0.2085490524122432,-0.1949066405508616,0
r_h2_60,0.4,2.0,60.0,92.6,145991.42666625977,7.793930380897708,0.01176785576143282,0.5994854166695517,0.20073202841630264,0.3038431366931086,0.261448144922926,0.484167171155345,0.1176295091324201,0.12850799086975725,0.261448144922926,52.47272540906423,0,0,0,25493.644104003906,-1.3778299191139851,0.0032580952291891285,-0.22695100597322804,-0.09416991521642626,0
r_co2_120,0.4,2.0,45.8,120.0,126835.87005615234,8.88845198612055,0.04042887047168914,0.36586538252493017,0.06244962816573169,0.26368758408650417,0.4025580249080375,0.49601817583384594,0.11586585806697107,0.11995319659198256,0.26112389467788133,55.50060885198924,0,0,0,6338.087493896484,-0.2833083138911423,-0.13502430502138182,-0.08584112598811655,-0.08231891053792534,0
