config_key,screen_lcom,screen_methanol,screen_h2_viol,promote_lcom,promote_methanol,promote_h2_viol,delta_lcom_promote_minus_screen,delta_methanol_promote_minus_screen
r_bat_e_25,9.507979392793489,123192.24438476562,0,,,,,
r_bat_e_35,9.037734173615691,142724.45733642578,0,8.88296739202907,149919.4103088379,0,-0.1547667815866216,7194.952972412109
r_h2_55,7.799906014309635,146834.93258666992,0,7.736896949346645,146729.13342285156,0,-0.06300906496299064,-105.79916381835938
r_h2_70,8.013594220802029,144520.5061340332,0,,,,,
