config_key,r_pem,r_bat_e,r_h2,r_co2,annual_methanol_kg,lcom_yuan_per_kg,grid_dependency_ratio,avg_h2_inventory_target_ratio,avg_h2_inventory_target_ratio_effective,avg_methanol_pull_ratio,avg_battery_reserve_preference,h2_inventory_violation_count,delta_methanol_vs_guarded_baseline,delta_lcom_vs_guarded_baseline,delta_h2_viol_vs_guarded_baseline
single_r_h2_60,0.4,2.0,60.0,92.6,145991.42666625977,7.793930380897708,0.01176785576143282,0.20073202841630264,0.3038431366931086,0.261448144922926,0.484167171155345,0,25493.644104003906,-1.3778299191139851,0
single_r_bat_e_30,0.4,3.0,45.8,92.6,146849.466796875,8.41832230698961,0.021646025271311084,0.18552692662499268,0.3063755111437138,0.27985009848391085,0.3834304458209097,0,26351.68423461914,-0.7534379930220823,0
combo_bat30_h260,0.4,3.0,60.0,92.6,145655.5101928711,8.658105246145096,0.016166108682399226,0.1350546428499973,0.29374514211598596,0.2584032916927447,0.4381639488184289,0,25157.727630615234,-0.5136550538665965,0
combo_pem06_h260,0.6,2.0,60.0,92.6,145763.23934936523,8.844687655902343,0.02332913439661738,0.19179998063333503,0.30444015945133557,0.2609373675395637,0.4369766328657327,0,25265.456787109375,-0.3270726441093501,0
guarded_baseline,0.4,2.0,45.8,92.6,120497.78256225586,9.171760300011693,0.007709387433737683,0.1974739331871135,0.3172554565224473,0.48839915089615404,0.5783370863717713,0,0.0,0.0,0
single_r_pem_06,0.6,2.0,45.8,92.6,136066.8136291504,9.241192319831182,0.038508834067631,0.09633750141211296,0.27276939676028406,0.3588728229034709,0.3978217576546212,0,15569.031066894531,0.0694320198194891,0
combo_pem06_bat30,0.6,3.0,45.8,92.6,144819.85879516602,9.521373180967835,0.039466770891442286,0.12111344359917184,0.27439160457893047,0.30273292264709734,0.44929995471075795,0,24322.076232910156,0.3496128809561423,0
